{
  "n_samples": 87,
  "protein_ids": [
    "7ACV",
    "7ADT",
    "7CRU",
    "7EV8",
    "7F04",
    "7F69",
    "7FB5",
    "7FDM",
    "7JPN",
    "7LEW",
    "7MVV",
    "7MVY",
    "7N9H",
    "7NMI",
    "7OS1",
    "7P0S",
    "7P0U",
    "7P33",
    "7P9W",
    "7PKU",
    "7PP2",
    "7Q72",
    "7QDW",
    "7QOX",
    "7QTW",
    "7QTX",
    "7QV8",
    "7QYR",
    "7S5J",
    "7SJQ",
    "7SQS",
    "7T6A",
    "7T7T",
    "7TA3",
    "7TYO",
    "7UFG",
    "7UI8",
    "7URD",
    "7UZO",
    "7V0K",
    "7VLJ",
    "7WJH",
    "7X9C",
    "7XFR",
    "7XK8",
    "7XL3",
    "7XV1",
    "7XVA",
    "7YCJ",
    "7YON",
    "7Z7C",
    "7ZBN",
    "7ZW4",
    "7ZZQ",
    "8A3T",
    "8A8F",
    "8AHT",
    "8AQN",
    "8B8V",
    "8BFJ",
    "8BR9",
    "8C3N",
    "8CAV",
    "8CZF",
    "8CZH",
    "8DTU",
    "8E1D",
    "8E3Y",
    "8EFO",
    "8F0J",
    "8F0U",
    "8F7Q",
    "8FCN",
    "8FLQ",
    "8FY3",
    "8FYF",
    "8FZM",
    "8GTX",
    "8H3M",
    "8HEZ",
    "8I3G",
    "8IGC",
    "8IQK",
    "8IVZ",
    "8K00",
    "8SG7",
    "8UC6"
  ],
  "data_ranges": {
    "disorder": {
      "min": 0.0,
      "max": 1.0
    },
    "dssp": {
      "min": 0.0,
      "max": 1.0
    },
    "interface_size": {
      "min": 24.0,
      "max": 191.0
    },
    "bsa": {
      "min": -45.81,
      "max": 39.99
    },
    "hydrophobicity": {
      "min": -1.8478723404255317,
      "max": 1.032857142857143
    },
    "dockq": {
      "min": 0.01,
      "max": 0.973
    }
  },
  "correlations": {
    "Disorder": {
      "r": -0.5831785638177117,
      "p": 3.082058806856635e-09
    },
    "DSSP": {
      "r": 0.5181648950914141,
      "p": 2.741782139475613e-07
    },
    "Interface Size": {
      "r": 0.09945085363381541,
      "p": 0.35941846824205814
    },
    "BSA": {
      "r": 0.1744983526333762,
      "p": 0.10598637568713462
    },
    "Hydrophobicity": {
      "r": 0.046185054107040595,
      "p": 0.6709959316679877
    }
  },
  "models": {
    "baseline": {
      "name": "Disorder + DSSP (Baseline)",
      "features": [
        "Disorder",
        "DSSP"
      ],
      "r2": 0.46943479641970576,
      "intercept": -0.07466542648202379,
      "coefficients": [
        -0.6271482551163491,
        0.8170290164871995
      ],
      "delta_r2": 0.0
    },
    "add_size": {
      "name": "Baseline + Interface Size",
      "features": [
        "Disorder",
        "DSSP",
        "Size"
      ],
      "r2": 0.4696154951295316,
      "intercept": -0.0819740266496286,
      "coefficients": [
        -0.6250431351209549,
        0.8159923378452754,
        0.00012393216551850872
      ],
      "delta_r2": 0.0001806987098258439
    },
    "add_bsa": {
      "name": "Baseline + BSA",
      "features": [
        "Disorder",
        "DSSP",
        "BSA"
      ],
      "r2": 0.5034770303570844,
      "intercept": -0.10299702481046369,
      "coefficients": [
        -0.6193629631479738,
        0.8387816714092072,
        0.005518235305207962
      ],
      "delta_r2": 0.034042233937378596
    },
    "add_hydro": {
      "name": "Baseline + Hydrophobicity",
      "features": [
        "Disorder",
        "DSSP",
        "Hydro"
      ],
      "r2": 0.47535073792911064,
      "intercept": -0.04041048738896691,
      "coefficients": [
        -0.6464328762971269,
        0.7913637449674897,
        0.036449410347823806
      ],
      "delta_r2": 0.005915941509404887
    },
    "add_size_bsa": {
      "name": "Baseline + Size + BSA",
      "features": [
        "Disorder",
        "DSSP",
        "Size",
        "BSA"
      ],
      "r2": 0.5035144954806723,
      "intercept": -0.10629020083025909,
      "coefficients": [
        -0.6184139243185937,
        0.8382805799120826,
        5.647584689601075e-05,
        0.005510960398099523
      ],
      "delta_r2": 0.03407969906096653
    },
    "all_features": {
      "name": "All Features",
      "features": [
        "Disorder",
        "DSSP",
        "Size",
        "BSA",
        "Hydro"
      ],
      "r2": 0.5109126541814181,
      "intercept": -0.08013366301863012,
      "coefficients": [
        -0.6369200717759973,
        0.8065650803621663,
        0.00028712492223522545,
        0.005538659214940058,
        0.042456877132147006
      ],
      "delta_r2": 0.04147785776171231
    }
  },
  "best_model": "all_features",
  "baseline_r2": 0.46943479641970576,
  "best_r2": 0.5109126541814181,
  "improvement": 0.04147785776171231
}