low_plddt_rmsd,high_plddt_rmsd,rmsd_ratio,disorder_variability_correlation,af3_samples_diversity,pdb_id
4.41824,0.7796549,5.6669173,0.6552021595486783,ensemble-like,8GTX
7.213711,0.60376865,11.947806,0.8988415588555496,ensemble-like,7TA3
6.378797,1.0297663,6.194412,0.7612318405504307,ensemble-like,8K00
6.2878666,1.2279505,5.1206193,0.5838589894470565,ensemble-like,8FCN
5.653518,2.502913,2.2587755,0.6407202930708786,intermediate,8CZH
17.452772,6.783997,2.5726385,0.4634509361697853,intermediate,8CZF
