{
  "af2": {
    "alphafold_version": "af2",
    "n_samples": 10,
    "protein_ids": [
      "8GTX",
      "7TA3",
      "8K00",
      "8FCN",
      "8CZH",
      "8CZF",
      "7SJQ",
      "8F7Q",
      "7XV1",
      "8B8V"
    ],
    "disorder_fraction": [
      0.0,
      0.4186046511627907,
      0.07692307692307693,
      0.18699186991869918,
      0.0,
      0.0,
      0.2222222222222222,
      0.5714285714285714,
      0.046511627906976744,
      0.5373134328358209
    ],
    "dssp_accuracy": [
      0.95,
      0.7407407407407407,
      1.0,
      0.9428571428571428,
      1.0,
      0.9772727272727273,
      0.75,
      1.0,
      1.0,
      0.8235294117647058
    ],
    "dockq_scores": [
      0.926,
      0.097,
      0.769,
      0.51,
      0.81,
      0.776,
      0.118,
      0.016,
      0.835,
      0.511
    ],
    "correlations": {
      "disorder_vs_dockq": {
        "r": -0.8031106656660616,
        "p": 0.0051450570625626475
      },
      "dssp_vs_dockq": {
        "r": 0.6099442866741915,
        "p": 0.061143919483633555
      }
    },
    "models": {
      "disorder_only": {
        "r2": 0.6449867413065846,
        "intercept": 0.7892409317262774,
        "coefficient": -1.225444121405203
      },
      "dssp_only": {
        "r2": 0.3720320328464882,
        "intercept": -1.2879650499064557,
        "coefficient": 1.9868092040952596
      },
      "both": {
        "r2": 0.7132200124593814,
        "intercept": -0.1417336168363681,
        "coefficients": {
          "disorder": -1.0115302047376447,
          "dssp": 0.9656682818941247
        }
      }
    },
    "improvements": {
      "dssp_added_to_disorder": 0.06823327115279676,
      "disorder_added_to_dssp": 0.34118797961289316
    }
  },
  "af3": {
    "alphafold_version": "af3",
    "n_samples": 10,
    "protein_ids": [
      "8GTX",
      "7TA3",
      "8K00",
      "8FCN",
      "8CZH",
      "8CZF",
      "7SJQ",
      "8F7Q",
      "7XV1",
      "8B8V"
    ],
    "disorder_fraction": [
      0.32727272727272727,
      0.025,
      0.06818181818181818,
      0.12080536912751678,
      0.0,
      0.0,
      0.20512820512820512,
      0.26229508196721313,
      0.029411764705882353,
      0.03333333333333333
    ],
    "dssp_accuracy": [
      0.6206896551724138,
      0.9736842105263158,
      0.8620689655172413,
      0.9615384615384616,
      0.9743589743589743,
      0.9772727272727273,
      0.9565217391304348,
      0.8863636363636364,
      0.9655172413793104,
      0.9365079365079365
    ],
    "dockq_scores": [
      0.09,
      0.897,
      0.066,
      0.016,
      0.364,
      0.366,
      0.498,
      0.395,
      0.467,
      0.866
    ],
    "correlations": {
      "disorder_vs_dockq": {
        "r": -0.3853664942267637,
        "p": 0.2714403150510697
      },
      "dssp_vs_dockq": {
        "r": 0.445174991436914,
        "p": 0.19730657064407198
      }
    },
    "models": {
      "disorder_only": {
        "r2": 0.14850733487262624,
        "intercept": 0.5092515287975593,
        "coefficient": -0.996347854782128
      },
      "dssp_only": {
        "r2": 0.19818077300085657,
        "intercept": -0.7269664727507361,
        "coefficient": 1.2391942012453216
      },
      "both": {
        "r2": 0.2051781608392289,
        "intercept": -0.45971403944291817,
        "coefficients": {
          "disorder": -0.3210612593887859,
          "dssp": 0.9837194963281664
        }
      }
    },
    "improvements": {
      "dssp_added_to_disorder": 0.05667082596660267,
      "disorder_added_to_dssp": 0.006997387838372338
    }
  }
}