{
  "af2": {
    "alphafold_version": "af2",
    "n_samples": 88,
    "protein_ids": [
      "7ACV",
      "7ADT",
      "7CRU",
      "7EV8",
      "7F04",
      "7F69",
      "7FB5",
      "7FDM",
      "7JPN",
      "7LEW",
      "7MVV",
      "7MVY",
      "7N9H",
      "7NMI",
      "7OS1",
      "7P0S",
      "7P0U",
      "7P33",
      "7P9W",
      "7PKU",
      "7PP2",
      "7Q72",
      "7QDW",
      "7QOX",
      "7QTW",
      "7QTX",
      "7QV8",
      "7QYR",
      "7S5J",
      "7SJQ",
      "7SQS",
      "7T6A",
      "7T7T",
      "7TA3",
      "7TYO",
      "7UFG",
      "7UI8",
      "7URD",
      "7UZO",
      "7UZU",
      "7V0K",
      "7VLJ",
      "7WJH",
      "7X9C",
      "7XFR",
      "7XK8",
      "7XL3",
      "7XV1",
      "7XVA",
      "7YCJ",
      "7YON",
      "7Z7C",
      "7ZBN",
      "7ZW4",
      "7ZZQ",
      "8A3T",
      "8A8F",
      "8AHT",
      "8AQN",
      "8B8V",
      "8BFJ",
      "8BR9",
      "8C3N",
      "8CAV",
      "8CZF",
      "8CZH",
      "8DTU",
      "8E1D",
      "8E3Y",
      "8EFO",
      "8F0J",
      "8F0U",
      "8F7Q",
      "8FCN",
      "8FLQ",
      "8FY3",
      "8FYF",
      "8FZM",
      "8GTX",
      "8H3M",
      "8HEZ",
      "8I3G",
      "8IGC",
      "8IQK",
      "8IVZ",
      "8K00",
      "8SG7",
      "8UC6"
    ],
    "disorder_fraction": [
      0.0136986301369863,
      1.0,
      0.05405405405405406,
      0.09259259259259259,
      0.0,
      0.0,
      0.05405405405405406,
      0.0,
      0.22727272727272727,
      0.023255813953488372,
      0.0196078431372549,
      0.0625,
      0.09722222222222222,
      1.0,
      0.07142857142857142,
      1.0,
      1.0,
      0.17307692307692307,
      0.044444444444444446,
      0.10144927536231885,
      0.3469387755102041,
      0.13186813186813187,
      0.06976744186046512,
      0.10526315789473684,
      0.023809523809523808,
      0.02127659574468085,
      0.0,
      0.3333333333333333,
      0.10204081632653061,
      0.2222222222222222,
      0.10256410256410256,
      0.9836065573770492,
      0.11206896551724138,
      0.4186046511627907,
      0.20689655172413793,
      0.25,
      0.0,
      0.03636363636363636,
      0.1951219512195122,
      0.42,
      0.08064516129032258,
      0.009615384615384616,
      0.0,
      0.15384615384615385,
      0.0,
      0.1724137931034483,
      0.13095238095238096,
      0.046511627906976744,
      0.5306122448979592,
      0.12149532710280374,
      0.017543859649122806,
      0.35,
      0.017543859649122806,
      0.0,
      0.1111111111111111,
      0.010309278350515464,
      0.06060606060606061,
      0.4117647058823529,
      0.2564102564102564,
      0.5373134328358209,
      0.0,
      0.017857142857142856,
      0.057692307692307696,
      0.08,
      0.0,
      0.0,
      0.65,
      0.45098039215686275,
      0.08,
      0.034482758620689655,
      0.1368421052631579,
      0.5375,
      0.5714285714285714,
      0.18699186991869918,
      0.10309278350515463,
      0.03571428571428571,
      0.23529411764705882,
      0.0,
      0.0,
      0.4827586206896552,
      0.047619047619047616,
      0.19672131147540983,
      0.0,
      0.046511627906976744,
      0.0,
      0.07692307692307693,
      0.07058823529411765,
      0.10294117647058823
    ],
    "dssp_accuracy": [
      0.9206349206349206,
      0.9375,
      0.9701492537313433,
      0.9666666666666667,
      0.8805970149253731,
      1.0,
      0.9333333333333333,
      0.9,
      0.8979591836734694,
      0.9722222222222222,
      0.9375,
      0.9342105263157895,
      0.9701492537313433,
      0.7878787878787878,
      0.926829268292683,
      0.9047619047619048,
      0.8947368421052632,
      0.8823529411764706,
      1.0,
      0.7209302325581395,
      0.8571428571428571,
      0.9032258064516129,
      0.9743589743589743,
      0.8666666666666667,
      0.8888888888888888,
      0.9487179487179487,
      1.0,
      0.0,
      0.8085106382978723,
      0.75,
      1.0,
      0.65,
      0.9540229885057471,
      0.7407407407407407,
      0.8571428571428571,
      0.8360655737704918,
      0.8840579710144928,
      0.8541666666666666,
      0.868421052631579,
      0.9365079365079365,
      1.0,
      0.9801980198019802,
      0.85,
      0.8913043478260869,
      0.9583333333333334,
      0.8780487804878049,
      0.8333333333333334,
      1.0,
      0.875,
      0.9841269841269841,
      0.8888888888888888,
      0.7241379310344828,
      0.9090909090909091,
      0.9696969696969697,
      0.9444444444444444,
      0.984375,
      1.0,
      0.8771929824561403,
      1.0,
      0.8235294117647058,
      1.0,
      0.9565217391304348,
      0.9318181818181818,
      0.6666666666666666,
      0.9772727272727273,
      1.0,
      0.5714285714285714,
      0.9565217391304348,
      0.9393939393939394,
      0.8571428571428571,
      0.9555555555555556,
      0.5652173913043478,
      1.0,
      0.9428571428571428,
      0.9540229885057471,
      0.9788732394366197,
      0.9166666666666666,
      0.9264705882352942,
      0.95,
      0.631578947368421,
      1.0,
      0.8620689655172413,
      1.0,
      0.7368421052631579,
      0.9565217391304348,
      1.0,
      0.9848484848484849,
      0.975
    ],
    "dockq_scores": [
      0.416,
      0.088,
      0.854,
      0.742,
      0.809,
      0.944,
      0.659,
      0.656,
      0.44,
      0.523,
      0.637,
      0.624,
      0.804,
      0.08,
      0.153,
      0.044,
      0.075,
      0.787,
      0.828,
      0.223,
      0.057,
      0.593,
      0.618,
      0.933,
      0.608,
      0.745,
      0.853,
      0.018,
      0.608,
      0.118,
      0.766,
      0.069,
      0.632,
      0.097,
      0.551,
      0.642,
      0.839,
      0.786,
      0.7,
      0.421,
      0.533,
      0.831,
      0.553,
      0.645,
      0.859,
      0.237,
      0.652,
      0.835,
      0.463,
      0.65,
      0.82,
      0.384,
      0.885,
      0.637,
      0.933,
      0.745,
      0.638,
      0.72,
      0.705,
      0.511,
      0.473,
      0.871,
      0.772,
      0.09,
      0.776,
      0.81,
      0.153,
      0.071,
      0.665,
      0.773,
      0.561,
      0.025,
      0.016,
      0.51,
      0.853,
      0.792,
      0.829,
      0.887,
      0.926,
      0.036,
      0.805,
      0.639,
      0.798,
      0.728,
      0.595,
      0.769,
      0.748,
      0.127
    ],
    "correlations": {
      "disorder_vs_dockq": {
        "r": -0.7012108048690758,
        "p": 2.7919407218348613e-14
      },
      "dssp_vs_dockq": {
        "r": 0.5241820934330594,
        "p": 1.5932972385457412e-07
      }
    },
    "models": {
      "disorder_only": {
        "r2": 0.4916965928651371,
        "intercept": 0.7173827113455897,
        "coefficient": -0.7807828373116631
      },
      "dssp_only": {
        "r2": 0.27476686707586473,
        "intercept": -0.38570433087639244,
        "coefficient": 1.0743347078351688
      },
      "both": {
        "r2": 0.5770662189622919,
        "intercept": 0.12207238179419289,
        "coefficients": {
          "disorder": -0.6558187197081908,
          "dssp": 0.6414940864269095
        }
      }
    },
    "improvements": {
      "dssp_added_to_disorder": 0.08536962609715482,
      "disorder_added_to_dssp": 0.3022993518864272
    }
  },
  "af3": {
    "alphafold_version": "af3",
    "n_samples": 88,