protein_id,disorder_fraction,dssp_accuracy,dockq_score
8GTX,0.0,0.95,0.926
7TA3,0.4186046511627907,0.7407407407407407,0.097
8K00,0.07692307692307693,1.0,0.769
8FCN,0.18699186991869918,0.9428571428571428,0.51
8CZH,0.0,1.0,0.81
8CZF,0.0,0.9772727272727273,0.776
7SJQ,0.2222222222222222,0.75,0.118
8F7Q,0.5714285714285714,1.0,0.016
7XV1,0.046511627906976744,1.0,0.835
8B8V,0.5373134328358209,0.8235294117647058,0.511
