Pred,MCC,AUC,Fmax,TPR,FPR,TNR,PPV,BAC,COV
pLD60,0.6862709831870571,0.8145114463204592,0.7578430579158912,0.6690959321710965,0.040073039530178156,0.9599269604698218,0.8737326615662127,0.8145114463204592,478
pLD62,0.6924445323226573,0.8216967007458663,0.7662604590720433,0.6881251786224636,0.04473177713073089,0.9552682228692692,0.8644128646222887,0.8216967007458664,478
pLD64,0.6974211974078279,0.8282611118070028,0.7733886107634543,0.7064161188911118,0.049893895277106054,0.9501061047228939,0.8543899066712755,0.8282611118070029,478
pLD66,0.7000626734157114,0.8336020782036784,0.7783959796933491,0.7230399161665237,0.05583575975916696,0.944164240240833,0.8429309195912927,0.8336020782036784,478
pLD68,0.7008473239131021,0.8378958648614955,0.781661370857921,0.7382109174049728,0.06241918768198194,0.937580812318018,0.8305466237942122,0.8378958648614954,478
pLD70,0.6995568592759802,0.8411483656253506,0.7831552326878735,0.752286367533581,0.06998963628288013,0.9300103637171199,0.8166658048503025,0.8411483656253504,478
pLD72,0.6971686909188796,0.8439213021718578,0.7836547827781025,0.7664094503191388,0.07856684597542318,0.9214331540245768,0.8016940707523668,0.8439213021718578,478
pLD74,0.6932474440582318,0.8458623646772859,0.7827833092286913,0.7798656759074021,0.08814094655283028,0.9118590534471697,0.7857228554289142,0.8458623646772858,478
pLD76,0.6875166876669623,0.8472858595663088,0.7805460032282967,0.7946556158902544,0.10008389675763707,0.8999161032423629,0.7669286994897255,0.8472858595663086,478
pLD78,0.678902441061411,0.8472716414662103,0.7759993602266626,0.8088501476612365,0.11430686472881607,0.885693135271184,0.7457128428078958,0.8472716414662103,478
pLD80,0.6669634841687457,0.8456756127157468,0.7688662981459031,0.8231875774030676,0.1318363519715738,0.8681636480284262,0.7212704242398948,0.8456756127157469,478
